category,category_family
Accessories,accessories
Active,active
Blazers & Jackets,blazers_jackets
Clothing Sets,clothing_sets
Dresses,dresses
Fashion Hoodies & Sweatshirts,fashion_hoodies_sweatshirts
Intimates,intimates
Jeans,jeans
Jumpsuits & Rompers,jumpsuits_rompers
Leggings,leggings
Maternity,maternity
Outerwear & Coats,outerwear_coats
Pants,pants
Pants & Capris,pants_capris
Plus,plus
Shorts,shorts
Skirts,skirts
Sleep & Lounge,sleep_lounge
Socks,socks
Socks & Hosiery,socks_hosiery
Suits,suits
Suits & Sport Coats,suits_sport_coats
Swim,swim
Tops & Tees,tops_tees
Underwear,underwear
Sweaters,sweaters_knitwear
Knitwear,sweaters_knitwear
